{
	"id": "fc1332a2-89da-4c01-9f54-fffd4460de1c",
	"prevId": "00000000-0000-0000-0000-000000000000",
	"version": "7",
	"dialect": "postgresql",
	"tables": {
		"public.users": {
			"name": "users",
			"schema": "",
			"columns": {
				"id": {
					"name": "id",
					"type": "text",
					"primaryKey": true,
					"notNull": true
				},
				"name": {
					"name": "name",
					"type": "text",
					"primaryKey": false,
					"notNull": true
				},
				"email": {
					"name": "email",
					"type": "text",
					"primaryKey": false,
					"notNull": true
				},
				"emailVerified": {
					"name": "emailVerified",
					"type": "boolean",
					"primaryKey": false,
					"notNull": true
				},
				"image": {
					"name": "image",
					"type": "text",
					"primaryKey": false,
					"notNull": false
				},
				"createdAt": {
					"name": "createdAt",
					"type": "timestamp",
					"primaryKey": false,
					"notNull": true
				},
				"updatedAt": {
					"name": "updatedAt",
					"type": "timestamp",
					"primaryKey": false,
					"notNull": true
				}
			},
			"indexes": {},
			"foreignKeys": {},
			"compositePrimaryKeys": {},
			"uniqueConstraints": {
				"users_email_unique": {
					"name": "users_email_unique",
					"nullsNotDistinct": false,
					"columns": [
						"email"
					]
				}
			},
			"policies": {},
			"checkConstraints": {},
			"isRLSEnabled": false
		}
	},
	"enums": {},
	"schemas": {},
	"sequences": {},
	"roles": {},
	"policies": {},
	"views": {},
	"_meta": {
		"columns": {},
		"schemas": {},
		"tables": {}
	}
}
